{
  "ABIRoot": {
    "kind": "Root",
    "name": "NativeIOSCode",
    "printedName": "NativeIOSCode",
    "children": [
      {
        "kind": "Import",
        "name": "Foundation",
        "printedName": "Foundation",
        "declKind": "Import",
        "moduleName": "NativeIOSCode",
        "declAttributes": [
          "RawDocComment"
        ]
      },
      {
        "kind": "Import",
        "name": "SwiftUI",
        "printedName": "SwiftUI",
        "declKind": "Import",
        "moduleName": "NativeIOSCode"
      },
      {
        "kind": "Import",
        "name": "UIKit",
        "printedName": "UIKit",
        "declKind": "Import",
        "moduleName": "NativeIOSCode"
      },
      {
        "kind": "TypeDecl",
        "name": "IOSCodePlugin",
        "printedName": "IOSCodePlugin",
        "children": [
          {
            "kind": "Var",
            "name": "shared",
            "printedName": "shared",
            "children": [
              {
                "kind": "TypeNominal",
                "name": "IOSCodePlugin",
                "printedName": "NativeIOSCode.IOSCodePlugin",
                "usr": "c:@M@NativeIOSCode@objc(cs)IOSCodePlugin"
              }
            ],
            "declKind": "Var",
            "usr": "s:13NativeIOSCode0B6PluginC6sharedACvpZ",
            "mangledName": "$s13NativeIOSCode0B6PluginC6sharedACvpZ",
            "moduleName": "NativeIOSCode",
            "static": true,
            "declAttributes": [
              "HasInitialValue",
              "Final",
              "HasStorage"
            ],
            "isLet": true,
            "hasStorage": true,
            "accessors": [
              {
                "kind": "Accessor",
                "name": "Get",
                "printedName": "Get()",
                "children": [
                  {
                    "kind": "TypeNominal",
                    "name": "IOSCodePlugin",
                    "printedName": "NativeIOSCode.IOSCodePlugin",
                    "usr": "c:@M@NativeIOSCode@objc(cs)IOSCodePlugin"
                  }
                ],
                "declKind": "Accessor",
                "usr": "s:13NativeIOSCode0B6PluginC6sharedACvgZ",
                "mangledName": "$s13NativeIOSCode0B6PluginC6sharedACvgZ",
                "moduleName": "NativeIOSCode",
                "static": true,
                "implicit": true,
                "declAttributes": [
                  "Final"
                ],
                "accessorKind": "get"
              }
            ]
          },
          {
            "kind": "Function",
            "name": "objectRotated",
            "printedName": "objectRotated(x:y:z:)",
            "children": [
              {
                "kind": "TypeNominal",
                "name": "Void",
                "printedName": "()"
              },
              {
                "kind": "TypeNominal",
                "name": "Float",
                "printedName": "Swift.Float",
                "usr": "s:Sf"
              },
              {
                "kind": "TypeNominal",
                "name": "Float",
                "printedName": "Swift.Float",
                "usr": "s:Sf"
              },
              {
                "kind": "TypeNominal",
                "name": "Float",
                "printedName": "Swift.Float",
                "usr": "s:Sf"
              }
            ],
            "declKind": "Func",
            "usr": "s:13NativeIOSCode0B6PluginC13objectRotated1x1y1zySf_S2ftF",
            "mangledName": "$s13NativeIOSCode0B6PluginC13objectRotated1x1y1zySf_S2ftF",
            "moduleName": "NativeIOSCode",
            "isOpen": true,
            "declAttributes": [
              "AccessControl"
            ],
            "funcSelfKind": "NonMutating"
          },
          {
            "kind": "Var",
            "name": "runner",
            "printedName": "runner",
            "children": [
              {
                "kind": "TypeNominal",
                "name": "RandomIntervalRunner",
                "printedName": "NativeIOSCode.RandomIntervalRunner",
                "usr": "s:13NativeIOSCode20RandomIntervalRunnerC"
              }
            ],
            "declKind": "Var",
            "usr": "s:13NativeIOSCode0B6PluginC6runnerAA20RandomIntervalRunnerCvp",
            "mangledName": "$s13NativeIOSCode0B6PluginC6runnerAA20RandomIntervalRunnerCvp",
            "moduleName": "NativeIOSCode",
            "isOpen": true,
            "declAttributes": [
              "HasInitialValue",
              "HasStorage"
            ],
            "fixedbinaryorder": 0,
            "hasStorage": true,
            "accessors": [
              {
                "kind": "Accessor",
                "name": "Get",
                "printedName": "Get()",
                "children": [
                  {
                    "kind": "TypeNominal",
                    "name": "RandomIntervalRunner",
                    "printedName": "NativeIOSCode.RandomIntervalRunner",
                    "usr": "s:13NativeIOSCode20RandomIntervalRunnerC"
                  }
                ],
                "declKind": "Accessor",
                "usr": "s:13NativeIOSCode0B6PluginC6runnerAA20RandomIntervalRunnerCvg",
                "mangledName": "$s13NativeIOSCode0B6PluginC6runnerAA20RandomIntervalRunnerCvg",
                "moduleName": "NativeIOSCode",
                "implicit": true,
                "isOpen": true,
                "accessorKind": "get"
              },
              {
                "kind": "Accessor",
                "name": "Set",
                "printedName": "Set()",
                "children": [
                  {
                    "kind": "TypeNominal",
                    "name": "Void",
                    "printedName": "()"
                  },
                  {
                    "kind": "TypeNominal",
                    "name": "RandomIntervalRunner",
                    "printedName": "NativeIOSCode.RandomIntervalRunner",
                    "usr": "s:13NativeIOSCode20RandomIntervalRunnerC"
                  }
                ],
                "declKind": "Accessor",
                "usr": "s:13NativeIOSCode0B6PluginC6runnerAA20RandomIntervalRunnerCvs",
                "mangledName": "$s13NativeIOSCode0B6PluginC6runnerAA20RandomIntervalRunnerCvs",
                "moduleName": "NativeIOSCode",
                "implicit": true,
                "isOpen": true,
                "accessorKind": "set"
              },
              {
                "kind": "Accessor",
                "name": "Modify",
                "printedName": "Modify()",
                "children": [
                  {
                    "kind": "TypeNominal",
                    "name": "Void",
                    "printedName": "()"
                  }
                ],
                "declKind": "Accessor",
                "usr": "s:13NativeIOSCode0B6PluginC6runnerAA20RandomIntervalRunnerCvM",
                "mangledName": "$s13NativeIOSCode0B6PluginC6runnerAA20RandomIntervalRunnerCvM",
                "moduleName": "NativeIOSCode",
                "implicit": true,
                "isOpen": true,
                "accessorKind": "_modify"
              }
            ]
          },
          {
            "kind": "Var",
            "name": "sparkHandler",
            "printedName": "sparkHandler",
            "children": [
              {
                "kind": "TypeNominal",
                "name": "Optional",
                "printedName": "((Swift.Float, Swift.Float, Swift.Float) -> ())?",
                "children": [
                  {
                    "kind": "TypeFunc",
                    "name": "Function",
                    "printedName": "(Swift.Float, Swift.Float, Swift.Float) -> ()",
                    "children": [
                      {
                        "kind": "TypeNominal",
                        "name": "Void",
                        "printedName": "()"
                      },
                      {
                        "kind": "TypeNominal",
                        "name": "Tuple",
                        "printedName": "(Swift.Float, Swift.Float, Swift.Float)",
                        "children": [
                          {
                            "kind": "TypeNominal",
                            "name": "Float",
                            "printedName": "Swift.Float",
                            "usr": "s:Sf"
                          },
                          {
                            "kind": "TypeNominal",
                            "name": "Float",
                            "printedName": "Swift.Float",
                            "usr": "s:Sf"
                          },
                          {
                            "kind": "TypeNominal",
                            "name": "Float",
                            "printedName": "Swift.Float",
                            "usr": "s:Sf"
                          }
                        ]
                      }
                    ]
                  }
                ],
                "usr": "s:Sq"
              }
            ],
            "declKind": "Var",
            "usr": "s:13NativeIOSCode0B6PluginC12sparkHandlerySf_S2ftcSgvp",
            "mangledName": "$s13NativeIOSCode0B6PluginC12sparkHandlerySf_S2ftcSgvp",
            "moduleName": "NativeIOSCode",
            "isOpen": true,
            "declAttributes": [
              "HasInitialValue",
              "HasStorage"
            ],
            "fixedbinaryorder": 1,
            "hasStorage": true,
            "accessors": [
              {
                "kind": "Accessor",
                "name": "Get",
                "printedName": "Get()",
                "children": [
                  {
                    "kind": "TypeNominal",
                    "name": "Optional",
                    "printedName": "((Swift.Float, Swift.Float, Swift.Float) -> ())?",
                    "children": [
                      {
                        "kind": "TypeFunc",
                        "name": "Function",
                        "printedName": "(Swift.Float, Swift.Float, Swift.Float) -> ()",
                        "children": [
                          {
                            "kind": "TypeNominal",
                            "name": "Void",
                            "printedName": "()"
                          },
                          {
                            "kind": "TypeNominal",
                            "name": "Tuple",
                            "printedName": "(Swift.Float, Swift.Float, Swift.Float)",
                            "children": [
                              {
                                "kind": "TypeNominal",
                                "name": "Float",
                                "printedName": "Swift.Float",
                                "usr": "s:Sf"
                              },
                              {
                                "kind": "TypeNominal",
                                "name": "Float",
                                "printedName": "Swift.Float",
                                "usr": "s:Sf"
                              },
                              {
                                "kind": "TypeNominal",
                                "name": "Float",
                                "printedName": "Swift.Float",
                                "usr": "s:Sf"
                              }
                            ]
                          }
                        ]
                      }
                    ],
                    "usr": "s:Sq"
                  }
                ],
                "declKind": "Accessor",
                "usr": "s:13NativeIOSCode0B6PluginC12sparkHandlerySf_S2ftcSgvg",
                "mangledName": "$s13NativeIOSCode0B6PluginC12sparkHandlerySf_S2ftcSgvg",
                "moduleName": "NativeIOSCode",
                "implicit": true,
                "isOpen": true,
                "accessorKind": "get"
              },
              {
                "kind": "Accessor",
                "name": "Set",
                "printedName": "Set()",
                "children": [
                  {
                    "kind": "TypeNominal",
                    "name": "Void",
                    "printedName": "()"
                  },
                  {
                    "kind": "TypeNominal",
                    "name": "Optional",
                    "printedName": "((Swift.Float, Swift.Float, Swift.Float) -> ())?",
                    "children": [
                      {
                        "kind": "TypeFunc",
                        "name": "Function",
                        "printedName": "(Swift.Float, Swift.Float, Swift.Float) -> ()",
                        "children": [
                          {
                            "kind": "TypeNominal",
                            "name": "Void",
                            "printedName": "()"
                          },
                          {
                            "kind": "TypeNominal",
                            "name": "Tuple",
                            "printedName": "(Swift.Float, Swift.Float, Swift.Float)",
                            "children": [
                              {
                                "kind": "TypeNominal",
                                "name": "Float",
                                "printedName": "Swift.Float",
                                "usr": "s:Sf"
                              },
                              {
                                "kind": "TypeNominal",
                                "name": "Float",
                                "printedName": "Swift.Float",
                                "usr": "s:Sf"
                              },
                              {
                                "kind": "TypeNominal",
                                "name": "Float",
                                "printedName": "Swift.Float",
                                "usr": "s:Sf"
                              }
                            ]
                          }
                        ]
                      }
                    ],
                    "usr": "s:Sq"
                  }
                ],
                "declKind": "Accessor",
                "usr": "s:13NativeIOSCode0B6PluginC12sparkHandlerySf_S2ftcSgvs",
                "mangledName": "$s13NativeIOSCode0B6PluginC12sparkHandlerySf_S2ftcSgvs",
                "moduleName": "NativeIOSCode",
                "implicit": true,
                "isOpen": true,
                "accessorKind": "set"
              },
              {
                "kind": "Accessor",
                "name": "Modify",
                "printedName": "Modify()",
                "children": [
                  {
                    "kind": "TypeNominal",
                    "name": "Void",
                    "printedName": "()"
                  }
                ],
                "declKind": "Accessor",
                "usr": "s:13NativeIOSCode0B6PluginC12sparkHandlerySf_S2ftcSgvM",
                "mangledName": "$s13NativeIOSCode0B6PluginC12sparkHandlerySf_S2ftcSgvM",
                "moduleName": "NativeIOSCode",
                "implicit": true,
                "isOpen": true,
                "accessorKind": "_modify"
              }
            ]
          },
          {
            "kind": "Function",
            "name": "setupEmitter",
            "printedName": "setupEmitter()",
            "children": [
              {
                "kind": "TypeNominal",
                "name": "Void",
                "printedName": "()"
              }
            ],
            "declKind": "Func",
            "usr": "s:13NativeIOSCode0B6PluginC12setupEmitteryyF",
            "mangledName": "$s13NativeIOSCode0B6PluginC12setupEmitteryyF",
            "moduleName": "NativeIOSCode",
            "isOpen": true,
            "declAttributes": [
              "AccessControl"
            ],
            "funcSelfKind": "NonMutating"
          },
          {
            "kind": "Function",
            "name": "setSparkDelegate",
            "printedName": "setSparkDelegate(handler:)",
            "children": [
              {
                "kind": "TypeNominal",
                "name": "Void",
                "printedName": "()"
              },
              {
                "kind": "TypeFunc",
                "name": "Function",
                "printedName": "(Swift.Float, Swift.Float, Swift.Float) -> ()",
                "children": [
                  {
                    "kind": "TypeNominal",
                    "name": "Void",
                    "printedName": "()"
                  },
                  {
                    "kind": "TypeNominal",
                    "name": "Tuple",
                    "printedName": "(Swift.Float, Swift.Float, Swift.Float)",
                    "children": [
                      {
                        "kind": "TypeNominal",
                        "name": "Float",
                        "printedName": "Swift.Float",
                        "usr": "s:Sf"
                      },
                      {
                        "kind": "TypeNominal",
                        "name": "Float",
                        "printedName": "Swift.Float",
                        "usr": "s:Sf"
                      },
                      {
                        "kind": "TypeNominal",
                        "name": "Float",
                        "printedName": "Swift.Float",
                        "usr": "s:Sf"
                      }
                    ]
                  }
                ]
              }
            ],
            "declKind": "Func",
            "usr": "s:13NativeIOSCode0B6PluginC16setSparkDelegate7handleryySf_S2ftc_tF",
            "mangledName": "$s13NativeIOSCode0B6PluginC16setSparkDelegate7handleryySf_S2ftc_tF",
            "moduleName": "NativeIOSCode",
            "isOpen": true,
            "declAttributes": [
              "AccessControl"
            ],
            "funcSelfKind": "NonMutating"
          },
          {
            "kind": "Function",
            "name": "showNativePage",
            "printedName": "showNativePage()",
            "children": [
              {
                "kind": "TypeNominal",
                "name": "Void",
                "printedName": "()"
              }
            ],
            "declKind": "Func",
            "usr": "s:13NativeIOSCode0B6PluginC04showA4PageyyF",
            "mangledName": "$s13NativeIOSCode0B6PluginC04showA4PageyyF",
            "moduleName": "NativeIOSCode",
            "isOpen": true,
            "declAttributes": [
              "AccessControl"
            ],
            "funcSelfKind": "NonMutating"
          },
          {
            "kind": "Constructor",
            "name": "init",
            "printedName": "init()",
            "children": [
              {
                "kind": "TypeNominal",
                "name": "IOSCodePlugin",
                "printedName": "NativeIOSCode.IOSCodePlugin",
                "usr": "c:@M@NativeIOSCode@objc(cs)IOSCodePlugin"
              }
            ],
            "declKind": "Constructor",
            "usr": "c:@M@NativeIOSCode@objc(cs)IOSCodePlugin(im)init",
            "mangledName": "$s13NativeIOSCode0B6PluginCACycfc",
            "moduleName": "NativeIOSCode",
            "overriding": true,
            "implicit": true,
            "objc_name": "init",
            "declAttributes": [
              "Dynamic",
              "ObjC",
              "Override"
            ],
            "init_kind": "Designated"
          }
        ],
        "declKind": "Class",
        "usr": "c:@M@NativeIOSCode@objc(cs)IOSCodePlugin",
        "mangledName": "$s13NativeIOSCode0B6PluginC",
        "moduleName": "NativeIOSCode",
        "isOpen": true,
        "declAttributes": [
          "ObjC"
        ],
        "superclassUsr": "c:objc(cs)NSObject",
        "inheritsConvenienceInitializers": true,
        "superclassNames": [
          "ObjectiveC.NSObject"
        ],
        "conformances": [
          {
            "kind": "Conformance",
            "name": "Copyable",
            "printedName": "Copyable",
            "usr": "s:s8CopyableP",
            "mangledName": "$ss8CopyableP"
          },
          {
            "kind": "Conformance",
            "name": "Escapable",
            "printedName": "Escapable",
            "usr": "s:s9EscapableP",
            "mangledName": "$ss9EscapableP"
          },
          {
            "kind": "Conformance",
            "name": "Equatable",
            "printedName": "Equatable",
            "usr": "s:SQ",
            "mangledName": "$sSQ"
          },
          {
            "kind": "Conformance",
            "name": "Hashable",
            "printedName": "Hashable",
            "usr": "s:SH",
            "mangledName": "$sSH"
          },
          {
            "kind": "Conformance",
            "name": "CVarArg",
            "printedName": "CVarArg",
            "usr": "s:s7CVarArgP",
            "mangledName": "$ss7CVarArgP"
          },
          {
            "kind": "Conformance",
            "name": "_KeyValueCodingAndObservingPublishing",
            "printedName": "_KeyValueCodingAndObservingPublishing",
            "usr": "s:10Foundation37_KeyValueCodingAndObservingPublishingP",
            "mangledName": "$s10Foundation37_KeyValueCodingAndObservingPublishingP"
          },
          {
            "kind": "Conformance",
            "name": "_KeyValueCodingAndObserving",
            "printedName": "_KeyValueCodingAndObserving",
            "usr": "s:10Foundation27_KeyValueCodingAndObservingP",
            "mangledName": "$s10Foundation27_KeyValueCodingAndObservingP"
          },
          {
            "kind": "Conformance",
            "name": "CustomStringConvertible",
            "printedName": "CustomStringConvertible",
            "usr": "s:s23CustomStringConvertibleP",
            "mangledName": "$ss23CustomStringConvertibleP"
          },
          {
            "kind": "Conformance",
            "name": "CustomDebugStringConvertible",
            "printedName": "CustomDebugStringConvertible",
            "usr": "s:s28CustomDebugStringConvertibleP",
            "mangledName": "$ss28CustomDebugStringConvertibleP"
          }
        ]
      },
      {
        "kind": "TypeDecl",
        "name": "RandomIntervalRunner",
        "printedName": "RandomIntervalRunner",
        "children": [
          {
            "kind": "Var",
            "name": "timer",
            "printedName": "timer",
            "children": [
              {
                "kind": "TypeNominal",
                "name": "Optional",
                "printedName": "Foundation.Timer?",
                "children": [
                  {
                    "kind": "TypeNominal",
                    "name": "Timer",
                    "printedName": "Foundation.Timer",
                    "usr": "c:objc(cs)NSTimer"
                  }
                ],
                "usr": "s:Sq"
              }
            ],
            "declKind": "Var",
            "usr": "s:13NativeIOSCode20RandomIntervalRunnerC5timer33_C3CDAB7D3295525765469394EF782D92LLSo7NSTimerCSgvp",
            "mangledName": "$s13NativeIOSCode20RandomIntervalRunnerC5timer33_C3CDAB7D3295525765469394EF782D92LLSo7NSTimerCSgvp",
            "moduleName": "NativeIOSCode",
            "isInternal": true,
            "declAttributes": [
              "HasInitialValue",
              "HasStorage",
              "AccessControl"
            ],
            "fixedbinaryorder": 0,
            "hasStorage": true
          },
          {
            "kind": "Function",
            "name": "start",
            "printedName": "start(action:)",
            "children": [
              {
                "kind": "TypeNominal",
                "name": "Void",
                "printedName": "()"
              },
              {
                "kind": "TypeFunc",
                "name": "Function",
                "printedName": "() -> ()",
                "children": [
                  {
                    "kind": "TypeNominal",
                    "name": "Void",
                    "printedName": "()"
                  },
                  {
                    "kind": "TypeNominal",
                    "name": "Void",
                    "printedName": "()"
                  }
                ]
              }
            ],
            "declKind": "Func",
            "usr": "s:13NativeIOSCode20RandomIntervalRunnerC5start6actionyyyc_tF",
            "mangledName": "$s13NativeIOSCode20RandomIntervalRunnerC5start6actionyyyc_tF",
            "moduleName": "NativeIOSCode",
            "isOpen": true,
            "funcSelfKind": "NonMutating"
          },
          {
            "kind": "Function",
            "name": "stop",
            "printedName": "stop()",
            "children": [
              {
                "kind": "TypeNominal",
                "name": "Void",
                "printedName": "()"
              }
            ],
            "declKind": "Func",
            "usr": "s:13NativeIOSCode20RandomIntervalRunnerC4stopyyF",
            "mangledName": "$s13NativeIOSCode20RandomIntervalRunnerC4stopyyF",
            "moduleName": "NativeIOSCode",
            "isOpen": true,
            "funcSelfKind": "NonMutating"
          },
          {
            "kind": "Constructor",
            "name": "init",
            "printedName": "init()",
            "children": [
              {
                "kind": "TypeNominal",
                "name": "RandomIntervalRunner",
                "printedName": "NativeIOSCode.RandomIntervalRunner",
                "usr": "s:13NativeIOSCode20RandomIntervalRunnerC"
              }
            ],
            "declKind": "Constructor",
            "usr": "s:13NativeIOSCode20RandomIntervalRunnerCACycfc",
            "mangledName": "$s13NativeIOSCode20RandomIntervalRunnerCACycfc",
            "moduleName": "NativeIOSCode",
            "implicit": true,
            "init_kind": "Designated"
          }
        ],
        "declKind": "Class",
        "usr": "s:13NativeIOSCode20RandomIntervalRunnerC",
        "mangledName": "$s13NativeIOSCode20RandomIntervalRunnerC",
        "moduleName": "NativeIOSCode",
        "isOpen": true,
        "conformances": [
          {
            "kind": "Conformance",
            "name": "Copyable",
            "printedName": "Copyable",
            "usr": "s:s8CopyableP",
            "mangledName": "$ss8CopyableP"
          },
          {
            "kind": "Conformance",
            "name": "Escapable",
            "printedName": "Escapable",
            "usr": "s:s9EscapableP",
            "mangledName": "$ss9EscapableP"
          }
        ]
      },
      {
        "kind": "Var",
        "name": "a",
        "printedName": "a",
        "children": [
          {
            "kind": "TypeNominal",
            "name": "IOSCodePlugin",
            "printedName": "NativeIOSCode.IOSCodePlugin",
            "usr": "c:@M@NativeIOSCode@objc(cs)IOSCodePlugin"
          }
        ],
        "declKind": "Var",
        "usr": "s:13NativeIOSCode1aAA0B6PluginCvp",
        "mangledName": "$s13NativeIOSCode1aAA0B6PluginCvp",
        "moduleName": "NativeIOSCode",
        "declAttributes": [
          "HasInitialValue",
          "HasStorage"
        ],
        "isLet": true,
        "hasStorage": true
      },
      {
        "kind": "Function",
        "name": "NativeIOSCode_objectRotated",
        "printedName": "NativeIOSCode_objectRotated(x:y:z:)",
        "children": [
          {
            "kind": "TypeNominal",
            "name": "Void",
            "printedName": "()"
          },
          {
            "kind": "TypeNominal",
            "name": "Float",
            "printedName": "Swift.Float",
            "usr": "s:Sf"
          },
          {
            "kind": "TypeNominal",
            "name": "Float",
            "printedName": "Swift.Float",
            "usr": "s:Sf"
          },
          {
            "kind": "TypeNominal",
            "name": "Float",
            "printedName": "Swift.Float",
            "usr": "s:Sf"
          }
        ],
        "declKind": "Func",
        "usr": "c:(cm)NativeIOSCode_objectRotatedWithX:y:z:",
        "mangledName": "$s13NativeIOSCode0aB14_objectRotated1x1y1zySf_S2ftF",
        "moduleName": "NativeIOSCode",
        "declAttributes": [
          "AccessControl",
          "CDecl"
        ],
        "funcSelfKind": "NonMutating"
      },
      {
        "kind": "Function",
        "name": "NativeIOSCode_setupEmitter",
        "printedName": "NativeIOSCode_setupEmitter()",
        "children": [
          {
            "kind": "TypeNominal",
            "name": "Void",
            "printedName": "()"
          }
        ],
        "declKind": "Func",
        "usr": "c:(cm)NativeIOSCode_setupEmitter",
        "mangledName": "$s13NativeIOSCode0aB13_setupEmitteryyF",
        "moduleName": "NativeIOSCode",
        "declAttributes": [
          "AccessControl",
          "CDecl"
        ],
        "funcSelfKind": "NonMutating"
      },
      {
        "kind": "Function",
        "name": "NativeIOSCode_setSparkDelegate",
        "printedName": "NativeIOSCode_setSparkDelegate(handler:)",
        "children": [
          {
            "kind": "TypeNominal",
            "name": "Void",
            "printedName": "()"
          },
          {
            "kind": "TypeFunc",
            "name": "Function",
            "printedName": "(Swift.Float, Swift.Float, Swift.Float) -> ()",
            "children": [
              {
                "kind": "TypeNominal",
                "name": "Void",
                "printedName": "()"
              },
              {
                "kind": "TypeNominal",
                "name": "Tuple",
                "printedName": "(Swift.Float, Swift.Float, Swift.Float)",
                "children": [
                  {
                    "kind": "TypeNominal",
                    "name": "Float",
                    "printedName": "Swift.Float",
                    "usr": "s:Sf"
                  },
                  {
                    "kind": "TypeNominal",
                    "name": "Float",
                    "printedName": "Swift.Float",
                    "usr": "s:Sf"
                  },
                  {
                    "kind": "TypeNominal",
                    "name": "Float",
                    "printedName": "Swift.Float",
                    "usr": "s:Sf"
                  }
                ]
              }
            ]
          }
        ],
        "declKind": "Func",
        "usr": "c:(cm)NativeIOSCode_setSparkDelegateWithHandler:",
        "mangledName": "$s13NativeIOSCode0aB17_setSparkDelegate7handleryySf_S2ftXC_tF",
        "moduleName": "NativeIOSCode",
        "declAttributes": [
          "AccessControl",
          "CDecl"
        ],
        "funcSelfKind": "NonMutating"
      },
      {
        "kind": "Function",
        "name": "NativeIOSCode_openNativePage",
        "printedName": "NativeIOSCode_openNativePage()",
        "children": [
          {
            "kind": "TypeNominal",
            "name": "Void",
            "printedName": "()"
          }
        ],
        "declKind": "Func",
        "usr": "c:(cm)NativeIOSCode_openNativePage",
        "mangledName": "$s13NativeIOSCode0ab5_openA4PageyyF",
        "moduleName": "NativeIOSCode",
        "declAttributes": [
          "AccessControl",
          "CDecl"
        ],
        "funcSelfKind": "NonMutating"
      }
    ],
    "json_format_version": 8
  },
  "ConstValues": []
}