{
  "ABIRoot": {
    "kind": "Root",
    "name": "NativeIOSCode",
    "printedName": "NativeIOSCode",
    "children": [
      {
        "kind": "Import",
        "name": "Foundation",
        "printedName": "Foundation",
        "declKind": "Import",
        "moduleName": "NativeIOSCode",
        "declAttributes": [
          "RawDocComment"
        ]
      },
      {
        "kind": "Function",
        "name": "NativeIOSCode_NativeCodeCall",
        "printedName": "NativeIOSCode_NativeCodeCall()",
        "children": [
          {
            "kind": "TypeNominal",
            "name": "Void",
            "printedName": "()"
          }
        ],
        "declKind": "Func",
        "usr": "c:(cm)NativeIOSCode_NativeCodeCall",
        "mangledName": "$s13NativeIOSCode0ab1_A8CodeCallyyF",
        "moduleName": "NativeIOSCode",
        "declAttributes": [
          "AccessControl",
          "CDecl"
        ],
        "funcSelfKind": "NonMutating"
      }
    ],
    "json_format_version": 8
  },
  "ConstValues": []
}