{
  "ABIRoot": {
    "kind": "Root",
    "name": "NativeIOSCode",
    "printedName": "NativeIOSCode",
    "children": [
      {
        "kind": "Import",
        "name": "Foundation",
        "printedName": "Foundation",
        "declKind": "Import",
        "moduleName": "NativeIOSCode",
        "declAttributes": [
          "RawDocComment"
        ]
      },
      {
        "kind": "TypeDecl",
        "name": "IOSCodePlugin",
        "printedName": "IOSCodePlugin",
        "children": [
          {
            "kind": "Function",
            "name": "NativeCodeCall",
            "printedName": "NativeCodeCall()",
            "children": [
              {
                "kind": "TypeNominal",
                "name": "Void",
                "printedName": "()"
              }
            ],
            "declKind": "Func",
            "usr": "s:13NativeIOSCode0B6PluginC0A8CodeCallyyF",
            "mangledName": "$s13NativeIOSCode0B6PluginC0A8CodeCallyyF",
            "moduleName": "NativeIOSCode",
            "isOpen": true,
            "funcSelfKind": "NonMutating"
          },
          {
            "kind": "Constructor",
            "name": "init",
            "printedName": "init()",
            "children": [
              {
                "kind": "TypeNominal",
                "name": "IOSCodePlugin",
                "printedName": "NativeIOSCode.IOSCodePlugin",
                "usr": "s:13NativeIOSCode0B6PluginC"
              }
            ],
            "declKind": "Constructor",
            "usr": "s:13NativeIOSCode0B6PluginCACycfc",
            "mangledName": "$s13NativeIOSCode0B6PluginCACycfc",
            "moduleName": "NativeIOSCode",
            "implicit": true,
            "init_kind": "Designated"
          }
        ],
        "declKind": "Class",
        "usr": "s:13NativeIOSCode0B6PluginC",
        "mangledName": "$s13NativeIOSCode0B6PluginC",
        "moduleName": "NativeIOSCode",
        "isOpen": true,
        "conformances": [
          {
            "kind": "Conformance",
            "name": "Copyable",
            "printedName": "Copyable",
            "usr": "s:s8CopyableP",
            "mangledName": "$ss8CopyableP"
          },
          {
            "kind": "Conformance",
            "name": "Escapable",
            "printedName": "Escapable",
            "usr": "s:s9EscapableP",
            "mangledName": "$ss9EscapableP"
          }
        ]
      },
      {
        "kind": "Var",
        "name": "a",
        "printedName": "a",
        "children": [
          {
            "kind": "TypeNominal",
            "name": "IOSCodePlugin",
            "printedName": "NativeIOSCode.IOSCodePlugin",
            "usr": "s:13NativeIOSCode0B6PluginC"
          }
        ],
        "declKind": "Var",
        "usr": "s:13NativeIOSCode1aAA0B6PluginCvp",
        "mangledName": "$s13NativeIOSCode1aAA0B6PluginCvp",
        "moduleName": "NativeIOSCode",
        "declAttributes": [
          "HasInitialValue",
          "HasStorage"
        ],
        "isLet": true,
        "hasStorage": true
      },
      {
        "kind": "Function",
        "name": "NativeIOSCode_NativeCodeCall",
        "printedName": "NativeIOSCode_NativeCodeCall()",
        "children": [
          {
            "kind": "TypeNominal",
            "name": "Void",
            "printedName": "()"
          }
        ],
        "declKind": "Func",
        "usr": "c:(cm)NativeIOSCode_NativeCodeCall",
        "mangledName": "$s13NativeIOSCode0ab1_A8CodeCallyyF",
        "moduleName": "NativeIOSCode",
        "declAttributes": [
          "AccessControl",
          "CDecl"
        ],
        "funcSelfKind": "NonMutating"
      }
    ],
    "json_format_version": 8
  },
  "ConstValues": []
}